epoch,train_loss,val_loss,val_accuracy,val_macro_f1,val_weighted_f1
1.0,0.4074760875074613,0.08974834480697567,0.9748201438848921,0.9796191783829947,0.9747735465612616
