{
  "Archives": {
    "precision": 1.0,
    "recall": 1.0,
    "f1-score": 1.0,
    "support": 120.0
  },
  "Code": {
    "precision": 1.0,
    "recall": 1.0,
    "f1-score": 1.0,
    "support": 200.0
  },
  "Docs": {
    "precision": 0.9743589743589743,
    "recall": 0.95,
    "f1-score": 0.9620253164556962,
    "support": 200.0
  },
  "Finance": {
    "precision": 0.9397590361445783,
    "recall": 0.975,
    "f1-score": 0.9570552147239264,
    "support": 160.0
  },
  "Logs": {
    "precision": 1.0,
    "recall": 1.0,
    "f1-score": 1.0,
    "support": 197.0
  },
  "Media": {
    "precision": 1.0,
    "recall": 1.0,
    "f1-score": 1.0,
    "support": 120.0
  },
  "Other": {
    "precision": 1.0,
    "recall": 1.0,
    "f1-score": 1.0,
    "support": 120.0
  },
  "Study": {
    "precision": 0.994413407821229,
    "recall": 0.9888888888888889,
    "f1-score": 0.9916434540389972,
    "support": 180.0
  },
  "accuracy": 0.9876638396299152,
  "macro avg": {
    "precision": 0.9885664272905977,
    "recall": 0.9892361111111111,
    "f1-score": 0.9888404981523276,
    "support": 1297.0
  },
  "weighted avg": {
    "precision": 0.9878393631941007,
    "recall": 0.9876638396299152,
    "f1-score": 0.9876867535651404,
    "support": 1297.0
  }
}