epoch,train_loss,val_loss,val_accuracy,val_macro_f1,val_weighted_f1
1.0,0.6715587959015112,0.08672103021379518,0.9748201438848921,0.9798288240959636,0.9748101282567325
2.0,0.07347173793710393,0.06287963115931328,0.9769784172661871,0.9819679468705359,0.9770088598429043
3.0,0.04671514565996129,0.06685307498314771,0.979136690647482,0.9835126906414574,0.9790543187750543
4.0,0.03244721546447534,0.0631450977452078,0.9820143884892086,0.9859349798235989,0.9819517415046431
