epoch,train_loss,val_loss,val_accuracy,val_macro_f1,val_weighted_f1
1.0,0.6273368412509421,0.08032459334802182,0.981294964028777,0.9852422200531874,0.9813288998047354
2.0,0.07832601999017813,0.056536255397662605,0.9841726618705036,0.9876416481548761,0.9841798780955635
