{
  "model_name": "DeepPavlov/rubert-base-cased",
  "accuracy": 0.9841726618705036,
  "macro_f1": 0.9876416481548761,
  "weighted_f1": 0.9841798780955635,
  "loss": 0.056536255397662605,
  "epochs": 4,
  "batch_size": 4,
  "max_length": 192,
  "learning_rate": 2e-05,
  "weight_decay": 0.01,
  "test_size": 0.2,
  "freeze_base_model": false
}