epoch,train_loss,val_loss,val_accuracy,val_macro_f1,val_weighted_f1
1.0,1.895476163385775,1.7496443843841554,0.50375,0.3230766528102794,0.3949314303017138
